{"0": {"Accuracy": 0.9713721618953604, "Precision": 0.9441330848778823, "Recall": 0.9507109346806207, "F1 Score": 0.9473825613947732}}